{"cameraMode":{"drawMode":0,"name":"Shaded","section":"Shading Mode"},"sceneLighting":true,"audioPlay":false,"sceneViewState":{"m_AlwaysRefresh":false,"showFog":true,"showSkybox":true,"showFlares":true,"showImageEffects":true,"showParticleSystems":true,"showVisualEffectGraphs":true,"m_FxEnabled":true},"in2DMode":false,"pivot":{"x":-59.426719665527347,"y":58.13138961791992,"z":-14.444711685180664},"rotation":{"x":0.00028199225198477507,"y":0.9997091293334961,"z":0.014687211252748967,"w":-0.019195863977074624},"size":154.78131103515626,"orthographic":false}